City_ID,City,Country,Lat,Lng,Max Temp,Humidity,Cloudiness,Wind Speed,Current Description
0,Mananjary,MG,-21.2167,48.3333,73.51,93,27,2.62,scattered clouds
1,Hobart,AU,-42.8794,147.3294,65.26,76,75,11.5,broken clouds
2,Egvekinot,RU,66.3167,-179.1667,-15.84,90,17,5.84,few clouds
3,Lompoc,US,34.6391,-120.4579,78.94,64,0,9.22,clear sky
4,Bluff,NZ,-46.6,168.3333,57.88,64,100,3.74,overcast clouds
5,Oskarshamn,SE,57.2645,16.4484,37.8,75,100,10.8,overcast clouds
6,Narsaq,GL,60.9167,-46.05,19.62,96,100,6.8,light snow
7,Ushuaia,AR,-54.8,-68.3,38.86,81,40,26.46,scattered clouds
8,Bredasdorp,ZA,-34.5322,20.0403,65.52,72,99,8.05,overcast clouds
9,Albany,US,42.6001,-73.9662,22.26,55,26,1.01,scattered clouds
10,Busselton,AU,-33.65,115.3333,76.05,52,0,10.74,clear sky
11,Saint-Philippe,RE,-21.3585,55.7679,78.39,87,38,11.9,scattered clouds
12,Coos Bay,US,43.3665,-124.2179,62.02,93,100,5.82,overcast clouds
13,Preston,GB,53.7667,-2.7167,45.73,91,100,1.01,overcast clouds
14,Hasaki,JP,35.7333,140.8333,39.6,60,100,29.75,overcast clouds
15,Dikson,RU,73.5069,80.5464,-5.19,87,100,23.71,overcast clouds
16,Jimenez,MX,28.3333,-105.4,54.21,21,0,1.52,clear sky
17,Vaitape,PF,-16.5167,-151.75,80.53,75,100,14.2,moderate rain
18,Stokmarknes,NO,68.5646,14.9108,32.49,72,94,14.41,light snow
19,Rikitea,PF,-23.1203,-134.9692,78.94,71,5,14.14,clear sky
20,Georgetown,MY,5.4112,100.3354,80.53,85,20,0.0,few clouds
21,Te Anau,NZ,-45.4167,167.7167,66.63,46,100,0.94,overcast clouds
22,Flinders,AU,-34.5833,150.8552,84.06,56,100,7.0,overcast clouds
23,Kemijarvi,FI,66.7131,27.4306,28.85,97,100,6.82,light snow
24,Touros,BR,-5.1989,-35.4608,81.5,75,5,12.8,clear sky
25,Port Elizabeth,ZA,-33.918,25.5701,68.63,87,87,12.08,light rain
26,Saskylakh,RU,71.9167,114.0833,-17.77,92,18,2.84,few clouds
27,Puerto Ayora,EC,-0.7393,-90.3518,75.54,92,89,4.16,overcast clouds
28,Aquidauana,BR,-20.4711,-55.7872,85.93,39,99,2.28,overcast clouds
29,Longyearbyen,SJ,78.2186,15.6401,15.64,92,100,3.44,light snow
30,Sandnessjoen,NO,66.0217,12.6316,28.38,57,100,20.33,light snow
31,Port Hardy,CA,50.6996,-127.4199,50.76,74,100,7.11,overcast clouds
32,Hithadhoo,MV,-0.6,73.0833,82.06,75,38,12.8,scattered clouds
33,Xinzhi,CN,36.4989,111.7047,34.99,33,8,8.39,clear sky
34,Punta Arenas,CL,-53.15,-70.9167,46.11,49,16,17.09,few clouds
35,Cape Town,ZA,-33.9258,18.4232,68.41,79,20,18.41,few clouds
36,Kruisfontein,ZA,-34.0033,24.7314,66.42,91,100,9.37,light rain
37,Richmond,US,37.5538,-77.4603,33.19,85,100,3.0,overcast clouds
38,Lamar,US,33.6668,-95.5836,55.56,47,0,6.02,clear sky
39,Ketchikan,US,55.3422,-131.6461,41.95,89,100,7.11,light rain
40,Barrow,US,71.2906,-156.7887,-23.69,100,100,8.41,overcast clouds
41,Vaini,TO,-21.2,-175.2,86.16,74,40,13.8,scattered clouds
42,Port Alfred,ZA,-33.5906,26.891,68.95,88,31,8.55,light rain
43,New Norfolk,AU,-42.7826,147.0587,64.9,63,92,4.63,overcast clouds
44,Maumere,ID,-8.6199,122.2111,82.78,71,51,4.09,broken clouds
45,Kapaa,US,22.0752,-159.319,78.19,66,11,7.0,few clouds
46,Yellowknife,CA,62.456,-114.3525,-15.45,84,40,0.0,scattered clouds
47,Atikokan,CA,48.7555,-91.6216,0.14,97,100,3.2,overcast clouds
48,Hofn,IS,64.2539,-15.2082,22.46,66,28,9.42,scattered clouds
49,Lagoa,PT,39.05,-27.9833,56.64,59,100,4.38,overcast clouds
50,Meulaboh,ID,4.1363,96.1285,77.23,86,96,4.12,overcast clouds
51,Marystown,CA,47.1666,-55.1483,33.85,100,100,9.13,overcast clouds
52,Andros Town,BS,24.7,-77.7667,77.43,74,100,10.74,overcast clouds
53,Poopo,BO,-18.3667,-66.9667,49.37,66,82,4.65,broken clouds
54,San Isidro,PE,-12.1167,-77.05,73.02,78,78,1.01,broken clouds
55,Husavik,IS,66.0449,-17.3389,3.11,76,90,17.02,overcast clouds
56,Yauya,PE,-8.9833,-77.3,47.75,81,94,5.19,light rain
57,Sibu,MY,2.3,111.8167,80.92,78,60,1.77,broken clouds
58,East London,ZA,-33.0153,27.9116,71.8,81,31,10.09,scattered clouds
59,Chokurdakh,RU,70.6333,147.9167,-13.34,96,87,8.46,overcast clouds
60,Sexsmith,CA,55.35,-118.786,27.9,90,100,6.35,overcast clouds
61,Namibe,AO,-15.1961,12.1522,74.12,83,100,1.43,overcast clouds
62,Mataura,NZ,-46.1927,168.8643,68.49,37,100,1.54,overcast clouds
63,Vilyuysk,RU,63.7553,121.6247,-24.5,100,100,0.81,overcast clouds
64,Geraldton,AU,-28.7667,114.6,81.01,69,0,4.61,clear sky
65,Naze,JP,28.3667,129.4833,56.32,84,100,18.84,light rain
66,Naranjal,EC,-2.6667,-79.6167,78.78,88,100,2.98,light rain
67,Mar Del Plata,AR,-38.0023,-57.5575,63.88,73,0,6.44,clear sky
68,Havoysund,NO,70.9963,24.6622,18.48,91,100,7.72,light snow
69,Bambous Virieux,MU,-20.3428,57.7575,81.21,89,40,9.22,light rain
70,Victoria,HK,22.2855,114.1577,61.25,81,24,5.99,few clouds
71,Marzuq,YE,14.4,46.4667,54.09,51,46,2.8,scattered clouds
72,Mount Isa,AU,-20.7333,139.5,87.57,45,100,17.27,overcast clouds
73,San Cristobal,VE,7.7669,-72.225,67.23,76,100,0.94,overcast clouds
74,Tagusao,PH,9.1924,117.8141,82.04,73,100,6.98,overcast clouds
75,Fairbanks,US,64.8378,-147.7164,11.3,77,100,6.91,light snow
76,Hay River,CA,60.8156,-115.7999,-9.42,77,75,4.61,broken clouds
77,Gualeguay,AR,-33.1416,-59.3097,63.72,39,0,1.48,clear sky
78,Codrington,AU,-38.2667,141.9667,70.34,62,33,10.31,scattered clouds
79,Cidreira,BR,-30.1811,-50.2056,68.54,90,14,2.98,few clouds
80,Mahebourg,MU,-20.4081,57.7,81.25,94,75,9.22,broken clouds
81,Buraydah,SA,26.326,43.975,50.92,31,0,5.3,clear sky
82,Souillac,MU,-20.5167,57.5167,81.36,94,75,9.22,light rain
83,Lebu,CL,-37.6167,-73.65,58.23,91,96,5.5,overcast clouds
84,Tura,IN,25.5198,90.2201,53.35,75,0,4.5,clear sky
85,Shu,KZ,43.5983,73.7614,29.17,87,100,3.78,overcast clouds
86,Kavieng,PG,-2.5744,150.7967,83.53,73,86,7.27,light rain
87,Tasiilaq,GL,65.6145,-37.6368,21.36,93,100,18.79,light snow
88,Butaritari,KI,3.0707,172.7902,81.19,77,20,13.0,light rain
89,Fortuna,US,40.5982,-124.1573,65.48,94,100,5.75,overcast clouds
90,Kahului,US,20.8947,-156.47,75.85,76,19,14.0,few clouds
91,Lodja,CD,-3.4833,23.4333,69.37,88,100,2.19,overcast clouds
92,Provideniya,RU,64.3833,-173.3,-3.64,71,0,8.99,clear sky
93,Ginebra,CH,46.2022,6.1457,46.42,65,12,3.44,few clouds
94,Gazli,UZ,40.1333,63.45,39.99,57,93,10.56,overcast clouds
95,Altay,CN,47.8667,88.1167,10.04,76,100,4.03,overcast clouds
96,Clyde River,CA,70.4692,-68.5914,-18.17,76,100,18.41,overcast clouds
97,Castro,BR,-24.7911,-50.0119,66.0,89,100,0.89,overcast clouds
98,Ugoofaaru,MV,5.6667,73.0,80.92,70,100,1.9,overcast clouds
99,Tervel,BG,43.75,27.4,35.55,93,97,4.18,overcast clouds
100,Vanavara,RU,60.34,102.2797,-24.25,99,37,4.59,scattered clouds
101,Chuy,UY,-33.6971,-53.4616,58.86,65,0,6.22,clear sky
102,Tocopilla,CL,-22.092,-70.1979,70.68,71,27,7.9,scattered clouds
103,Inhambane,MZ,-23.865,35.3833,75.61,83,0,7.47,clear sky
104,Gaurnadi,BD,22.9667,90.2333,57.45,71,6,6.96,clear sky
105,Thompson,CA,55.7435,-97.8558,-16.53,100,83,3.67,broken clouds
106,Akyab,MM,20.15,92.9,62.78,55,12,6.38,few clouds
107,San Quintin,MX,30.4833,-115.95,69.69,35,1,9.1,clear sky
108,Wajir,KE,1.7471,40.0573,75.27,71,7,14.27,clear sky
109,Passa Quatro,BR,-22.3903,-44.9667,64.24,96,7,1.72,light rain
110,Ancud,CL,-41.8697,-73.8203,63.43,94,4,2.21,clear sky
111,Huntsville,US,34.7304,-86.5861,38.79,51,0,10.0,clear sky
112,Jamestown,US,42.097,-79.2353,15.3,61,100,5.75,overcast clouds
113,Margate,GB,51.3813,1.3862,49.96,89,100,10.0,overcast clouds
114,Severo-Kurilsk,RU,50.6789,156.125,26.35,66,45,15.21,scattered clouds
115,La Ronge,CA,55.1001,-105.2842,-0.35,93,36,5.77,scattered clouds
116,Kaa-Khem,RU,51.6833,94.7333,-24.43,94,94,3.18,overcast clouds
117,Olinda,BR,-8.0089,-34.8553,83.93,70,40,8.05,scattered clouds
118,Romanovskaya,RU,47.5426,42.0285,29.43,79,3,4.09,clear sky
119,Belyy Yar,RU,53.6039,91.3903,-20.31,83,99,2.24,mist
120,Vila Franca Do Campo,PT,37.7167,-25.4333,59.2,71,100,4.23,overcast clouds
121,Port Macquarie,AU,-31.4333,152.9167,74.53,64,66,9.98,broken clouds
122,Caravelas,BR,-17.7125,-39.2481,75.36,90,90,4.88,overcast clouds
123,Avarua,CK,-21.2078,-159.775,77.05,83,75,4.61,light rain
124,Cabo San Lucas,MX,22.8909,-109.9124,77.61,55,100,6.46,overcast clouds
125,Itoman,JP,26.1247,127.6694,66.22,88,75,24.16,broken clouds
126,Kununurra,AU,-15.7667,128.7333,75.18,94,36,4.61,moderate rain
127,Manaia,NZ,-39.55,174.1333,66.31,64,70,16.73,broken clouds
128,Eyl,SO,7.9803,49.8164,72.36,71,33,13.27,scattered clouds
129,Isangel,VU,-19.55,169.2667,89.71,70,40,6.91,scattered clouds
130,Cherskiy,RU,68.75,161.3,-22.76,97,95,6.67,overcast clouds
131,Khatanga,RU,71.9667,102.5,-27.17,100,43,1.88,scattered clouds
132,Atuona,PF,-9.8,-139.0333,77.94,78,14,13.6,light rain
133,Thinadhoo,MV,0.5333,72.9333,81.61,73,97,9.26,overcast clouds
134,Jian,CN,27.1172,114.9793,45.84,83,22,3.49,few clouds
135,Tuktoyaktuk,CA,69.4541,-133.0374,-29.2,68,75,9.22,broken clouds
136,Padang,ID,-0.9492,100.3543,75.25,69,71,3.42,broken clouds
137,Carnarvon,AU,-24.8667,113.6333,84.09,66,6,2.66,clear sky
138,Plettenberg Bay,ZA,-34.0527,23.3716,67.05,91,100,7.78,light rain
139,Tamandare,BR,-8.7597,-35.1047,80.29,75,36,10.78,scattered clouds
140,Waingapu,ID,-9.6567,120.2641,82.4,75,99,6.82,overcast clouds
141,Bongandanga,CD,1.5,21.05,72.73,53,100,4.0,overcast clouds
142,Hilo,US,19.7297,-155.09,78.53,68,20,8.05,few clouds
143,Airai,TL,-8.9266,125.4092,70.0,66,23,2.28,few clouds
144,Nanortalik,GL,60.1432,-45.2371,22.44,93,100,26.8,snow
145,Saint George,US,37.1041,-113.5841,66.67,16,0,0.0,clear sky
146,Ambo,PE,-10.1308,-76.2047,61.14,86,95,2.84,overcast clouds
147,Klaksvik,FO,62.2266,-6.589,32.92,65,100,28.66,overcast clouds
148,Port Moresby,PG,-9.4431,147.1797,85.35,62,8,7.81,clear sky
149,Torbay,CA,47.6666,-52.7314,34.57,81,75,10.36,broken clouds
150,Upernavik,GL,72.7868,-56.1549,-6.43,97,100,11.52,overcast clouds
151,Ayr,GB,55.4627,-4.6339,42.75,93,75,8.05,light rain
152,Goundam,ML,16.4145,-3.6708,64.11,22,11,10.0,few clouds
153,Moron,AR,-34.6534,-58.6198,74.98,46,0,5.48,clear sky
154,Simijaca,CO,5.5029,-73.8523,53.51,91,96,3.38,overcast clouds
155,Soyo,AO,-6.1349,12.3689,78.42,86,100,5.32,overcast clouds
156,Yanam,IN,16.7333,82.2167,70.2,85,5,3.67,clear sky
157,Williston,US,48.147,-103.618,37.92,65,30,8.99,scattered clouds
158,Tuatapere,NZ,-46.1333,167.6833,65.16,50,100,4.65,overcast clouds
159,Sinnamary,GF,5.3833,-52.95,76.37,90,100,8.86,overcast clouds
160,Svetlaya,RU,46.5389,138.3297,24.42,89,100,17.22,light snow
161,Pacific Grove,US,36.6177,-121.9166,77.4,78,0,5.99,clear sky
162,Valparaiso,CL,-33.0393,-71.6273,67.48,74,0,1.9,clear sky
163,Sovetsk,RU,55.0839,21.8785,32.79,77,100,11.99,overcast clouds
164,Bethel,US,41.3712,-73.414,27.93,68,100,5.99,overcast clouds
165,Kodiak,US,57.79,-152.4072,36.75,78,14,1.81,few clouds
166,Hermanus,ZA,-34.4187,19.2345,70.9,80,89,17.78,overcast clouds
167,Nikolskoye,RU,59.7035,30.7861,36.88,91,100,11.88,light snow
168,Bemidji,US,47.4736,-94.8803,2.05,81,100,12.66,overcast clouds
169,Orapa,BW,-21.2833,25.3667,70.61,48,9,7.27,clear sky
170,Wattegama,LK,6.7989,81.4808,74.32,94,84,4.79,moderate rain
171,Svetlogorsk,BY,52.6333,29.7333,26.33,86,12,10.02,few clouds
172,Hue,VN,16.4667,107.6,64.51,94,75,8.05,mist
173,Amahai,ID,-3.3333,128.9167,79.59,80,100,1.88,overcast clouds
174,Aklavik,CA,68.2191,-135.0107,-20.25,98,100,10.04,light snow
175,Kavaratti,IN,10.5669,72.642,80.46,72,0,6.67,clear sky
176,Batangafo,CF,7.3008,18.2833,76.51,16,100,3.65,overcast clouds
177,Pauini,BR,-7.7136,-66.9764,73.31,97,100,1.05,overcast clouds
178,Saint-Francois,FR,46.4154,3.9054,50.68,62,0,17.27,clear sky
179,Wau,SS,7.7029,27.9953,73.92,17,64,4.23,broken clouds
180,Campbell River,CA,50.0163,-125.2446,42.6,76,100,0.94,overcast clouds
181,Koumac,NC,-20.5667,164.2833,86.61,64,99,5.03,overcast clouds
182,Taoudenni,ML,22.6783,-3.9836,60.53,26,0,11.18,clear sky
183,Pemba,MZ,-12.974,40.5178,74.1,94,40,5.75,scattered clouds
184,Odlabari,IN,26.8333,88.6167,56.97,68,0,4.36,clear sky
185,Montepuez,MZ,-13.1256,38.9997,68.74,99,100,2.46,moderate rain
186,Qaanaaq,GL,77.484,-69.3632,-8.1,71,88,6.17,overcast clouds
187,Lakselv,NO,70.0513,24.9718,6.62,85,75,3.44,broken clouds
188,Gravina In Puglia,IT,40.8197,16.4228,43.23,83,11,5.66,few clouds
189,Shambu,ET,9.5667,37.1,53.87,47,13,1.57,few clouds
190,Kenai,US,60.5544,-151.2583,30.29,96,100,11.5,light snow
191,Daru,PG,-9.0763,143.2092,85.53,61,63,10.42,broken clouds
192,Torbat-E Jam,IR,35.244,60.6225,39.85,72,14,15.97,few clouds
193,Sioux Lookout,CA,50.1001,-91.917,-3.62,93,100,3.22,overcast clouds
194,Hovd,MN,48.0056,91.6419,-14.13,77,32,2.66,scattered clouds
195,Manta,EC,-0.95,-80.7333,75.6,82,100,4.54,overcast clouds
196,Morondava,MG,-20.2833,44.2833,78.46,89,23,5.82,few clouds
197,Ponta Do Sol,PT,32.6667,-17.1,62.71,72,77,0.47,broken clouds
198,Xinqing,CN,48.2333,129.5,0.09,90,95,1.43,overcast clouds
199,Mount Gambier,AU,-37.8333,140.7667,72.05,56,30,8.7,scattered clouds
200,Broome,US,42.2506,-75.833,17.62,70,85,3.0,overcast clouds
201,Khandyga,RU,62.6667,135.6,-30.44,96,73,1.43,broken clouds
202,Pereslavl-Zalesskiy,RU,56.7393,38.8563,24.19,85,100,11.43,overcast clouds
203,Luderitz,NA,-26.6481,15.1594,72.1,64,1,8.59,clear sky
204,Baillif,GP,16.0202,-61.7463,75.63,74,8,11.92,clear sky
205,Minab,IR,27.1467,57.0801,64.22,58,58,13.24,broken clouds
206,Hami,CN,42.8,93.45,24.06,45,11,5.86,few clouds
207,Santa Cruz Cabralia,BR,-16.2781,-39.0247,77.23,94,75,4.61,broken clouds
208,Aykhal,RU,66.0,111.5,-8.54,52,62,1.81,broken clouds
209,Kulhudhuffushi,MV,6.6221,73.07,80.51,72,91,3.91,overcast clouds
210,Shache,CN,38.4167,77.2406,27.72,51,1,4.9,clear sky
211,Tongliao,CN,43.6125,122.2653,3.0,90,100,11.23,overcast clouds
212,Alexandria,EG,31.2156,29.9553,56.03,69,5,8.39,clear sky
213,Los Llanos De Aridane,ES,28.6585,-17.9182,60.55,74,100,6.91,overcast clouds
214,Guerrero Negro,MX,27.9769,-114.0611,71.98,32,6,11.07,clear sky
215,Raga,SS,8.4596,25.678,68.9,15,16,3.38,few clouds
216,Juarez,MX,31.7333,-106.4833,60.44,25,0,3.44,clear sky
217,Iqaluit,CA,63.7506,-68.5145,-16.31,68,100,3.44,light snow
218,Marawi,PH,7.9986,124.2928,71.65,67,100,1.68,overcast clouds
219,Lorengau,PG,-2.0226,147.2712,84.02,72,100,2.55,overcast clouds
220,Asse,BE,50.9101,4.1984,53.22,66,100,23.17,overcast clouds
221,Suihua,CN,46.6406,126.9969,-5.17,96,98,6.38,overcast clouds
222,Bowen,AU,-20.0167,148.2333,83.44,63,11,21.68,few clouds
223,Hobyo,SO,5.3505,48.5268,76.87,73,77,17.0,broken clouds
224,Bengkulu,ID,-3.8004,102.2655,78.12,80,100,3.51,overcast clouds
225,Alofi,NU,-19.0595,-169.9187,81.0,73,100,10.94,overcast clouds
226,Haines Junction,CA,60.7522,-137.5108,16.65,97,88,0.85,overcast clouds
227,Cairns,AU,-16.9167,145.7667,88.07,73,100,20.71,overcast clouds
228,Grand Forks,US,47.9417,-97.4337,3.78,85,100,13.8,mist
229,Mianwali,PK,32.5741,71.5264,54.86,37,100,3.31,overcast clouds
230,Sladkovo,RU,55.5284,70.3385,-14.26,100,100,3.11,overcast clouds
231,Avera,US,33.194,-82.5271,48.7,33,0,15.7,clear sky
232,Saint-Georges,GD,12.0564,-61.7485,76.98,74,49,14.03,scattered clouds
233,Kuala Terengganu,MY,5.3302,103.1408,77.18,87,86,1.52,overcast clouds
234,Hoi An,VN,15.8794,108.335,71.56,90,100,7.65,overcast clouds
235,Mbeya,TZ,-8.9,33.45,59.07,92,100,1.9,overcast clouds
236,Khingansk,RU,49.1167,131.1833,5.72,91,100,0.85,overcast clouds
237,Ban Tak,TH,17.0432,99.0813,77.49,31,83,3.33,broken clouds
238,Belaya Gora,RU,68.5333,146.4167,-16.01,91,100,4.61,overcast clouds
239,San Patricio,US,28.017,-97.5169,56.12,32,85,4.61,overcast clouds
240,Sitka,US,57.0531,-135.33,42.69,81,100,8.05,overcast clouds
241,Nola,IT,40.922,14.5329,53.55,82,47,2.46,scattered clouds
242,Comodoro Rivadavia,AR,-45.8667,-67.5,62.46,55,0,12.66,clear sky
243,Arraial Do Cabo,BR,-22.9661,-42.0278,75.7,92,11,14.36,few clouds
244,Suicheng,CN,33.8963,117.9331,46.98,63,100,5.41,overcast clouds
245,Ventspils,LV,57.3894,21.5606,37.33,87,0,14.97,clear sky
246,Newport,GB,51.5877,-2.9984,47.07,85,100,15.95,overcast clouds
247,Tevriz,RU,57.509,72.4042,-6.84,100,78,3.69,broken clouds
248,Oriximina,BR,-1.7656,-55.8661,77.05,83,92,1.52,overcast clouds
249,Rocha,UY,-34.4833,-54.3333,58.73,62,68,5.82,broken clouds
250,Tupik,RU,54.4253,119.9327,-9.74,94,96,2.89,overcast clouds
251,Leningradskiy,RU,69.3833,178.4167,-15.61,90,81,5.41,broken clouds
252,Tabas,IR,33.5959,56.9244,46.47,48,0,8.12,clear sky
253,Nishihara,JP,26.1842,127.7558,65.48,88,75,24.16,broken clouds
254,San Ramon,US,37.7799,-121.978,75.0,51,0,8.05,clear sky
255,Key West,US,24.5557,-81.7826,73.4,79,20,12.66,few clouds
256,Shiyan,CN,32.6475,110.7781,41.76,69,60,2.57,broken clouds
257,Sakakah,SA,29.9697,40.2064,49.17,31,0,3.67,clear sky
258,Atasu,KZ,48.6814,71.6433,24.76,95,100,13.29,overcast clouds
259,Grand-Lahou,CI,5.1367,-5.0242,78.48,84,95,4.47,overcast clouds
260,Muroto,JP,33.2833,134.15,49.46,63,100,17.38,moderate rain
261,Tazovskiy,RU,67.4667,78.7,-8.05,95,96,10.07,overcast clouds
262,Gorontalo,ID,0.5412,123.0595,79.95,76,100,1.7,overcast clouds
263,Siavonga,ZM,-16.5382,28.7088,72.64,81,97,3.09,overcast clouds
264,Kjollefjord,NO,70.9457,27.3465,19.36,90,100,6.11,light snow
265,Altinho,BR,-8.4897,-36.0594,73.38,86,100,8.55,overcast clouds
266,Santa Marta,CO,11.2408,-74.199,82.35,82,13,18.25,few clouds
267,Grand Gaube,MU,-20.0064,57.6608,81.37,79,100,5.99,overcast clouds
268,Fano,IT,43.8204,13.0121,45.1,88,100,4.38,overcast clouds
269,Tilichiki,RU,60.4667,166.1,-12.64,90,23,10.33,few clouds
270,Kaeo,NZ,-35.1,173.7833,76.32,51,9,4.99,clear sky
271,Barstow,US,34.8986,-117.0228,74.52,12,0,3.94,clear sky
272,Sokoni,TZ,-6.4333,39.55,79.16,79,100,7.87,overcast clouds
273,Faya,SA,18.3851,42.4509,46.92,61,10,1.23,clear sky
274,Makat,KZ,47.6469,53.3463,22.46,88,8,15.95,clear sky
275,Yatou,CN,37.15,122.3833,32.43,79,100,18.84,overcast clouds
276,Pochutla,MX,15.7432,-96.4661,82.22,69,7,2.33,clear sky
277,Lidkoping,SE,58.5052,13.1577,36.12,3,100,11.27,overcast clouds
278,Ulaangom,MN,49.9811,92.0667,-29.96,96,93,2.93,overcast clouds
279,Constitucion,CL,-35.3333,-72.4167,59.41,89,61,4.36,broken clouds
280,Poum,NC,-20.2333,164.0167,82.96,75,99,10.04,overcast clouds
281,Kanker,IN,20.2719,81.4931,53.24,30,0,2.98,clear sky
282,Vestmanna,FO,62.1564,-7.1664,31.12,64,100,10.36,overcast clouds
283,Dauriya,RU,49.9333,116.8667,-24.3,99,44,1.48,scattered clouds
284,Gravdal,NO,68.1214,13.5031,33.19,59,100,21.68,light snow
285,Farafangana,MG,-22.8167,47.8333,74.43,90,14,3.51,few clouds
286,Nome,US,64.5011,-165.4064,-2.13,55,0,0.0,clear sky
287,Basco,PH,20.4487,121.9702,74.23,86,100,23.49,overcast clouds
288,Calama,CL,-22.4667,-68.9333,59.32,35,11,7.76,few clouds
289,Belle Fourche,US,44.6714,-103.8522,45.25,64,22,9.64,few clouds
290,Kaitangata,NZ,-46.2817,169.8464,60.93,65,97,6.38,overcast clouds
291,Cabo Rojo,PR,18.0866,-67.1457,77.83,79,4,9.44,clear sky
292,Bubaque,GW,11.2833,-15.8333,77.94,64,0,6.64,clear sky
293,Abalak,RU,58.1286,68.5944,-13.43,100,100,3.02,overcast clouds
294,Ritchie,ZA,-29.038,24.6028,73.36,38,5,5.21,clear sky
295,Maracaju,BR,-21.6144,-55.1683,81.12,47,89,3.91,overcast clouds
296,Rio Gallegos,AR,-51.6226,-69.2181,48.25,37,0,11.5,clear sky
297,Raudeberg,NO,61.9875,5.1352,38.07,96,100,1.99,overcast clouds
298,Nemuro,JP,43.3236,145.575,23.43,87,100,13.47,overcast clouds
299,Abu Kamal,SY,34.4506,40.9171,52.32,37,0,5.26,clear sky
300,Tabou,CI,4.423,-7.3528,76.6,89,84,2.91,light rain
301,Ilulissat,GL,69.2167,-51.1,8.62,66,40,18.41,scattered clouds
302,Chicama,PE,-7.8447,-79.1469,68.54,69,58,5.39,broken clouds
303,Opuwo,NA,-18.0607,13.84,68.23,87,100,2.1,moderate rain
304,Kalmunai,LK,7.4167,81.8167,76.73,80,90,9.13,overcast clouds
305,Aksu,CN,41.1231,80.2644,26.69,42,96,4.23,overcast clouds
306,Faanui,PF,-16.4833,-151.75,80.49,75,100,14.18,moderate rain
307,Esperance,AU,-33.8667,121.9,66.81,65,100,12.41,light rain
308,Vao,NC,-22.6667,167.4833,80.28,80,97,6.85,overcast clouds
309,Beringovskiy,RU,63.05,179.3167,-20.47,94,20,9.48,few clouds
310,Talnakh,RU,69.4865,88.3972,-7.89,70,7,8.68,clear sky
311,Sao Felix Do Xingu,BR,-6.6447,-51.995,69.73,92,100,1.59,overcast clouds
312,Nazare,BR,-13.035,-39.0144,74.39,95,100,0.81,light rain
313,Svetlyy,RU,54.675,20.1347,35.65,75,100,17.05,overcast clouds
314,Deputatskiy,RU,69.3,139.9,-11.25,94,100,4.85,overcast clouds
315,Ostrovnoy,RU,68.0531,39.5131,21.88,62,100,26.98,overcast clouds
316,Lensk,RU,60.7253,114.9278,-21.32,99,93,1.36,overcast clouds
317,Okhotsk,RU,59.3833,143.3,-7.4,76,0,14.05,clear sky
318,Emerald,AU,-23.5333,148.1667,85.33,42,0,14.18,clear sky
319,Moctezuma,MX,29.8,-109.6667,70.21,14,0,6.46,clear sky
320,Nkowakowa,ZA,-23.8878,30.2871,69.33,56,27,2.8,scattered clouds
321,Wittstock,DE,53.1612,12.4829,40.53,81,100,13.27,overcast clouds
322,Lockport,US,41.5895,-88.0578,15.85,69,75,4.0,broken clouds
323,Tadine,NC,-21.55,167.8833,84.0,72,100,8.03,overcast clouds
324,Aylmer,CA,42.7668,-80.983,14.05,93,100,4.43,overcast clouds
325,Tiksi,RU,71.6872,128.8694,-13.13,92,20,11.03,few clouds
326,Ushtobe,KZ,45.2514,77.9838,26.46,88,100,4.03,overcast clouds
327,Moree,AU,-29.4667,149.85,87.82,29,3,6.91,clear sky
328,Yulara,AU,-25.2406,130.9889,91.24,13,0,12.66,clear sky
329,Urucara,BR,-2.5364,-57.76,74.32,96,100,1.92,overcast clouds
330,Columbus,US,39.9612,-82.9988,21.61,81,100,10.36,overcast clouds
331,Macklin,CA,52.3334,-109.9348,13.26,94,98,4.81,overcast clouds
332,Male,MV,4.1748,73.5089,81.97,74,62,11.68,broken clouds
333,Sorong,ID,-0.8833,131.25,78.42,87,100,5.95,overcast clouds
334,Hongjiang,CN,27.11,109.9956,45.18,82,43,0.43,scattered clouds
335,Saldanha,ZA,-33.0117,17.9442,66.25,90,0,13.47,clear sky
336,Siyabuswa,ZA,-25.1132,29.0445,68.56,52,6,2.01,clear sky
337,Waipawa,NZ,-41.4122,175.5153,59.45,68,100,13.0,overcast clouds
338,Jalu,LY,29.0331,21.5482,52.9,58,0,6.51,clear sky
339,Ribeira Grande,PT,38.5167,-28.7,58.15,69,100,5.46,overcast clouds
340,Coahuayana,MX,18.7333,-103.6833,89.08,65,91,2.62,overcast clouds
341,Ati,TD,13.2154,18.3353,72.0,11,100,10.56,overcast clouds
342,Nassau,US,40.7507,-73.5829,29.7,76,100,6.91,overcast clouds
343,Itarema,BR,-2.9248,-39.9167,79.61,80,28,13.33,scattered clouds
344,Port-Gentil,GA,-0.7193,8.7815,80.65,78,100,9.31,overcast clouds
345,Fukue,JP,32.6881,128.8419,53.02,61,6,20.54,clear sky
346,Bonavista,CA,48.6499,-53.1147,30.11,76,100,13.42,overcast clouds
347,San Francisco,US,37.7749,-122.4194,76.55,62,75,10.36,broken clouds
348,Saint Anthony,US,45.0205,-93.218,8.44,76,100,8.05,snow
349,Gamba,GA,-2.65,10.0,77.16,86,73,3.56,broken clouds
350,Chapais,CA,49.7834,-74.8492,-19.73,99,99,1.74,overcast clouds
351,Seddon,AU,-37.8068,144.8916,94.3,48,0,21.85,clear sky
352,Half Moon Bay,US,37.4636,-122.4286,76.51,57,0,10.36,clear sky
353,Pisco,PE,-13.7,-76.2167,69.85,73,0,18.41,clear sky
354,Mendi,PG,-6.1761,143.6513,62.96,85,94,1.61,overcast clouds
355,Klyuchi,RU,52.2667,79.1667,-1.26,98,37,4.97,scattered clouds
356,Puerto Penasco,MX,31.3167,-113.5333,71.91,41,0,3.0,clear sky
357,Lima,PE,-12.0432,-77.0282,71.91,77,87,8.19,overcast clouds
358,Tonj,SS,7.2737,28.6822,74.86,19,17,3.91,few clouds
359,Sai Buri,TH,6.7013,101.6168,79.97,84,99,7.96,overcast clouds
360,South Lake Tahoe,US,38.9332,-119.9844,59.65,43,0,0.0,clear sky
361,Torma,EE,58.8128,26.7383,35.35,95,100,11.48,light snow
362,Ndele,CF,8.4109,20.6473,70.61,16,90,4.27,overcast clouds
363,Katsuura,JP,35.1333,140.3,46.11,70,98,25.21,overcast clouds
364,Cockburn Town,TC,21.4612,-71.1419,76.96,73,20,11.5,few clouds
365,Russell,US,32.3502,-85.1999,44.2,48,0,5.75,clear sky
366,Marmande,FR,44.5,0.1667,53.08,88,100,16.17,overcast clouds
367,Nouna,BF,12.7333,-3.8667,72.36,14,0,8.03,clear sky
368,Lubao,PH,14.9167,120.55,80.15,69,73,5.39,broken clouds
369,Seoul,KR,37.5683,126.9778,36.84,67,100,2.73,overcast clouds
370,Byron Bay,AU,-28.65,153.6167,80.55,84,69,11.88,broken clouds
371,Chibombo,ZM,-14.6569,28.0706,64.65,93,100,2.53,overcast clouds
372,Alice Springs,AU,-23.7,133.8833,89.15,25,0,8.05,clear sky
373,Ambilobe,MG,-13.2,49.05,71.82,94,14,1.43,few clouds
374,Baisha,CN,26.5222,110.9311,42.3,86,91,0.36,overcast clouds
375,Ixtapa,MX,20.7,-105.2,75.22,69,75,3.44,broken clouds
376,Camacha,PT,33.0833,-16.3333,57.96,72,20,2.3,few clouds
377,Bull Savanna,JM,17.8868,-77.5902,74.19,76,25,7.31,scattered clouds
378,Cayenne,GF,4.9333,-52.3333,80.1,84,0,5.01,clear sky
379,Bathsheba,BB,13.2167,-59.5167,77.61,73,75,17.27,broken clouds
380,Richards Bay,ZA,-28.783,32.0377,77.07,88,100,9.06,light rain
381,Altagracia De Orituco,VE,9.8601,-66.3814,68.85,84,44,7.45,scattered clouds
382,Mecca,SA,21.4267,39.8261,72.21,27,0,5.08,clear sky
383,Laguna,US,38.421,-121.4238,76.84,40,0,5.75,clear sky
384,College,US,64.8569,-147.8028,14.2,79,100,5.75,light snow
385,Mangai,CD,-4.05,19.5333,68.18,95,99,1.83,overcast clouds
386,Ginda,IN,30.6945,78.4932,31.17,31,3,7.36,clear sky
387,New Castle,US,41.0037,-80.347,23.02,76,75,5.75,broken clouds
388,Bandipur,NP,27.9333,84.4167,43.92,77,0,2.42,clear sky
389,Chumikan,RU,54.7183,135.315,-2.63,82,79,5.5,broken clouds
390,Concord,US,37.978,-122.0311,74.8,52,0,4.61,clear sky
391,Prince Rupert,CA,54.3161,-130.3201,44.26,91,100,2.3,overcast clouds
392,Manyana,BW,-23.4,21.7167,73.85,36,83,3.44,broken clouds
393,Zhanakorgan,KZ,43.9098,67.2495,32.81,98,100,15.68,snow
394,Hamilton,US,39.1834,-84.5333,22.41,78,100,12.66,overcast clouds
395,Banda Aceh,ID,5.5577,95.3222,78.82,76,49,6.33,scattered clouds
396,Dryden,CA,49.7833,-92.7503,-3.71,77,100,4.61,overcast clouds
397,Gloversville,US,43.0528,-74.3438,21.56,75,38,8.01,scattered clouds
398,Port Lincoln,AU,-34.7333,135.8667,71.33,70,18,11.72,few clouds
399,Lasa,IT,46.6166,10.7002,26.02,69,3,1.7,clear sky
400,Great Yarmouth,GB,52.6083,1.7305,50.25,90,100,26.53,overcast clouds
401,Homer,US,59.6425,-151.5483,37.29,77,0,11.5,clear sky
402,Phan Thiet,VN,10.9333,108.1,81.21,69,89,9.51,overcast clouds
403,Qasigiannguit,GL,68.8193,-51.1922,8.85,94,100,6.2,overcast clouds
404,Sarandi,BR,-23.4436,-51.8739,71.26,84,94,3.4,overcast clouds
405,Yar-Sale,RU,66.8333,70.8333,-19.26,99,100,7.47,overcast clouds
406,Westport,US,41.1415,-73.3579,29.32,69,100,8.05,overcast clouds
407,Lesozavodsk,RU,45.4794,133.4244,0.82,97,100,2.68,overcast clouds
408,Baruun-Urt,MN,46.6806,113.2792,-15.29,98,52,1.99,broken clouds
409,Zhezkazgan,KZ,47.8043,67.7144,28.78,97,100,17.49,light snow
410,Itacare,BR,-14.2775,-38.9967,76.68,85,100,1.45,overcast clouds
411,Carlibaba,RO,47.5833,25.1333,11.97,88,99,3.15,overcast clouds
412,Kloulklubed,PW,7.0419,134.2556,79.3,81,96,21.34,overcast clouds
413,Batemans Bay,AU,-35.7167,150.1833,88.2,43,99,8.75,overcast clouds
414,Cam Ranh,VN,11.9214,109.1591,75.16,88,40,4.61,scattered clouds
415,Moindou,NC,-21.6924,165.677,91.35,68,100,7.76,overcast clouds
416,Marsa Matruh,EG,31.3525,27.2453,56.05,72,9,8.57,clear sky
417,Sorgun,TR,39.8101,35.186,28.9,90,100,3.13,overcast clouds
418,Sept-Iles,CA,50.2001,-66.3821,-8.21,88,19,9.13,few clouds
419,Salalah,OM,17.0151,54.0924,73.49,17,0,24.16,clear sky
420,Khor,RU,47.8861,134.9464,8.8,92,100,2.06,light snow
421,Hokitika,NZ,-42.7167,170.9667,63.03,49,0,8.48,clear sky
422,Bocas Del Toro,PA,9.3333,-82.25,78.21,81,38,11.63,scattered clouds
423,Agadez,NE,19.75,10.25,59.4,16,0,4.81,clear sky
424,Baglung,NP,28.2719,83.5898,46.09,51,0,5.84,clear sky
425,Mantua,IT,45.1667,10.7833,39.43,77,52,1.99,broken clouds
426,Burnie,AU,-41.0667,145.9167,78.94,46,100,6.78,overcast clouds
427,Akhmim,EG,26.5622,31.745,53.65,50,0,9.71,clear sky
428,Boca Do Acre,BR,-8.7522,-67.3978,72.75,96,100,2.33,light rain
429,Houston,US,29.7633,-95.3633,55.44,41,20,6.91,few clouds
430,Gambo,CF,4.6482,22.2633,72.03,34,90,2.06,overcast clouds
431,Axim,GH,4.8699,-2.2405,78.33,86,100,6.38,overcast clouds
432,San Vicente,AR,-26.6167,-54.1333,67.93,74,0,2.44,clear sky
433,Zhireken,RU,52.8249,117.3076,-10.77,89,94,2.19,overcast clouds
434,Chandler,US,33.3062,-111.8412,80.28,15,0,0.0,clear sky
435,Pangnirtung,CA,66.1451,-65.7125,-35.1,92,74,6.02,broken clouds
436,Hambantota,LK,6.1241,81.1185,75.54,100,20,6.91,few clouds
437,Ribas Do Rio Pardo,BR,-20.4431,-53.7592,79.18,41,62,4.59,broken clouds
438,Becerril,CO,9.7041,-73.2793,84.88,50,94,7.54,overcast clouds
439,Sinegorskiy,RU,48.0139,40.8447,26.53,82,5,3.74,clear sky
440,Magrath,CA,49.4167,-112.8686,39.13,47,81,7.38,broken clouds
441,Port Blair,IN,11.6667,92.75,74.01,71,41,8.08,scattered clouds
442,Sarab,IR,38.6066,44.9883,29.16,59,100,4.0,overcast clouds
443,Bulgan,MN,48.8125,103.5347,-15.97,98,88,2.13,overcast clouds
444,Ambulu,ID,-8.345,113.6058,78.22,86,68,2.08,broken clouds
445,Zapolyarnyy,RU,69.4154,30.8136,15.08,95,100,10.49,light snow
446,Prachuap Khiri Khan,TH,12.2167,99.75,78.69,76,98,1.41,overcast clouds
447,Bac Lieu,VN,9.285,105.7244,81.91,74,45,16.8,scattered clouds
448,Umm Kaddadah,SD,13.6017,26.6876,63.27,19,0,16.24,clear sky
449,Puerto Carreno,CO,6.189,-67.4859,84.79,39,96,7.67,overcast clouds
450,Bozdar,PK,27.1828,68.636,57.27,23,0,8.3,clear sky
451,Mogadishu,SO,2.0371,45.3438,76.68,80,100,17.31,overcast clouds
452,Tonantins,BR,-2.8731,-67.8022,73.24,99,100,0.22,heavy intensity rain
453,Sao Filipe,CV,14.8961,-24.4956,73.44,68,68,11.16,broken clouds
454,Pasco,US,28.292,-82.4165,60.26,78,0,4.0,clear sky
455,Khanu Woralaksaburi,TH,16.0617,99.8606,81.84,66,92,3.24,overcast clouds
456,Niquelandia,BR,-14.4739,-48.4597,67.91,95,69,1.32,broken clouds
457,Bontang,ID,0.1333,117.5,79.12,83,96,1.5,overcast clouds
458,Seydi,TM,39.4816,62.9137,42.21,40,100,8.3,overcast clouds
459,Porto Belo,BR,-27.1578,-48.5531,76.95,87,62,2.39,broken clouds
460,Norman Wells,CA,65.282,-126.8329,-3.68,96,100,3.71,overcast clouds
461,Buchanan,LR,5.8808,-10.0467,78.64,87,38,5.91,scattered clouds
462,Grindavik,IS,63.8424,-22.4338,30.67,86,75,9.22,light snow
463,Tchibanga,GA,-2.85,11.0333,71.44,98,100,1.99,overcast clouds
464,Rio Brilhante,BR,-21.8019,-54.5464,77.38,59,26,4.16,scattered clouds
465,Muyezerskiy,RU,63.9333,31.65,31.66,97,100,12.03,light snow
466,Luyang,CN,27.6239,110.0989,44.33,79,41,0.29,scattered clouds
467,Karratha,AU,-20.7377,116.8463,92.62,43,51,7.63,broken clouds
468,Altamont,US,42.2068,-121.7372,62.44,19,0,8.05,clear sky
469,Hilton Head Island,US,32.2163,-80.7526,55.98,44,0,11.5,clear sky
470,Lublin,PL,51.0,23.0,29.79,82,10,10.36,clear sky
471,Atambua,ID,-9.1061,124.8925,79.75,72,10,1.43,clear sky
472,Shellbrook,CA,53.2168,-106.4011,3.81,94,56,5.79,broken clouds
473,Paamiut,GL,61.994,-49.6678,11.43,87,100,18.14,overcast clouds
474,Mechetinskaya,RU,46.7713,40.456,31.62,69,0,5.08,clear sky
475,Bosanci,RO,47.5833,26.3167,28.98,84,0,10.36,clear sky
476,Olafsvik,IS,64.8945,-23.7142,31.89,79,100,11.97,light snow
477,Skegness,GB,53.1436,0.3363,49.57,96,100,18.03,moderate rain
478,Coihueco,CL,-36.6167,-71.8333,65.14,59,0,5.75,clear sky
479,Presidente Medici,BR,-11.1753,-61.9014,71.33,98,100,2.73,overcast clouds
480,Kajaani,FI,64.2273,27.7285,33.85,93,100,9.22,overcast clouds
481,Hattiesburg,US,31.3271,-89.2903,42.73,58,0,0.0,clear sky
482,Mackay,AU,-21.15,149.2,84.69,72,38,21.45,scattered clouds
483,Harper,LR,4.375,-7.7169,77.0,87,40,1.68,scattered clouds
484,The Pas,CA,53.8251,-101.2541,5.02,72,100,4.61,overcast clouds
485,Nagato,JP,34.3833,131.2,46.2,63,8,13.56,clear sky
486,Biu,NG,10.6129,12.1946,68.36,19,18,6.89,few clouds
487,Chaves,US,33.3834,-104.4505,57.58,22,0,8.05,clear sky
488,Shelburne,CA,44.0787,-80.2041,9.12,81,100,3.04,overcast clouds
489,Mayenne,FR,48.3333,-0.6667,45.84,91,100,12.3,overcast clouds
490,Mandan,US,46.8267,-100.8896,36.99,79,0,9.22,clear sky
491,Areia Branca,BR,-4.9561,-37.1369,81.1,75,27,18.48,scattered clouds
492,Livingston,GB,55.9029,-3.5226,40.68,99,100,3.44,moderate rain
493,Kropotkin,RU,45.4375,40.5756,32.13,72,3,10.33,clear sky
494,Oistins,BB,13.0667,-59.5333,77.09,73,75,17.27,broken clouds
495,Chatra,IN,24.2167,84.8667,47.98,53,5,2.62,clear sky
496,Nueva Rosita,MX,27.95,-101.2167,58.21,28,100,9.33,overcast clouds
497,Roebourne,AU,-20.7833,117.1333,93.0,42,60,8.88,broken clouds
498,Dingle,PH,10.9995,122.6711,81.41,75,100,9.17,overcast clouds
499,Lulea,SE,65.5842,22.1547,10.47,92,11,8.05,few clouds
500,Bugiri,UG,0.5714,33.7417,70.18,78,94,2.86,overcast clouds
501,Maragogi,BR,-9.0122,-35.2225,80.37,73,12,12.12,few clouds
502,Ratnagiri,IN,16.9833,73.3,69.91,61,6,7.16,clear sky
503,Pitimbu,BR,-7.4706,-34.8086,81.19,74,2,10.71,clear sky
504,Nelson Bay,AU,-32.7167,152.15,82.29,57,49,3.0,scattered clouds
505,Anapskaya,RU,44.89,37.38,36.73,74,20,8.95,few clouds
506,Vardo,NO,70.3705,31.1107,23.9,90,100,18.16,light snow
507,Kidal,ML,18.4411,1.4078,66.24,15,1,12.01,clear sky
508,Palu,ID,-0.8917,119.8707,79.16,85,100,1.72,overcast clouds
509,Boa Vista,BR,2.8197,-60.6733,84.18,58,0,13.8,clear sky
510,Brae,GB,60.3964,-1.353,39.11,85,100,18.21,overcast clouds
511,Gat,IL,31.61,34.7642,51.82,100,99,6.78,overcast clouds
512,Kaputa,ZM,-8.4689,29.6619,67.19,85,100,3.91,overcast clouds
513,Zhangjiakou,CN,40.81,114.8794,0.9,70,5,7.52,light snow
514,Galesong,ID,-5.3166,119.3661,80.62,77,81,3.04,broken clouds
515,Skibbereen,IE,51.55,-9.2667,40.8,83,57,9.73,broken clouds
516,Ponta Delgada,PT,37.7333,-25.6667,59.5,62,75,8.05,broken clouds
517,Coquimbo,CL,-29.9533,-71.3436,65.93,72,0,6.91,clear sky
518,Sharkan,RU,57.2989,53.8712,-1.37,100,92,4.52,overcast clouds
519,Cedar City,US,37.6775,-113.0619,52.18,21,0,5.75,clear sky
520,Indergarh,IN,26.9352,79.6724,51.98,65,0,0.49,clear sky
521,Fillan,NO,63.6064,8.9696,34.38,63,100,15.17,overcast clouds
522,Sola,VU,-13.8833,167.55,82.67,76,100,19.3,overcast clouds
523,Vostok,RU,46.4856,135.8833,9.86,89,100,3.29,overcast clouds
524,Ahipara,NZ,-35.1667,173.1667,70.74,55,25,10.27,scattered clouds
525,Kudahuvadhoo,MV,2.6708,72.8944,81.36,75,97,7.96,overcast clouds
526,Coroata,BR,-4.13,-44.1242,73.15,98,100,2.26,moderate rain
527,Aksarka,RU,66.5606,67.7975,-11.65,99,100,2.19,overcast clouds
528,Lisakovsk,KZ,52.5369,62.4936,12.81,98,100,1.03,overcast clouds
529,Aberdeen,GB,57.1437,-2.0981,42.21,100,100,9.22,light rain
530,Sadiqabad,PK,28.3062,70.1307,57.06,36,10,10.56,clear sky
531,Rosetta,EG,31.4044,30.4164,55.44,70,0,9.55,clear sky
532,Zyryanka,RU,65.75,150.85,-23.55,91,14,6.78,few clouds
533,Tome,CL,-36.6167,-72.95,59.61,87,92,8.16,overcast clouds
534,Yining,CN,29.0361,114.5636,44.87,78,5,0.78,clear sky
535,Jinchang,CN,38.4953,102.1739,22.1,76,100,6.67,overcast clouds
536,Cardston,CA,49.2,-113.3019,39.43,51,77,6.42,broken clouds
537,Cariati,IT,39.4922,16.9594,40.71,71,4,4.99,clear sky
538,San Andres,CO,12.5847,-81.7006,82.42,74,20,14.97,few clouds
539,Arriaga,MX,16.2333,-93.9,72.14,66,99,22.24,overcast clouds
540,Sorland,NO,67.667,12.6934,34.48,56,100,25.61,light snow
541,Kurumkan,RU,54.3,110.3,-16.74,89,32,2.86,scattered clouds
542,Broken Hill,AU,-31.95,141.4333,92.25,21,95,11.5,overcast clouds
543,Teguise,ES,29.0605,-13.564,57.42,82,20,8.05,few clouds
544,Goderich,CA,43.7501,-81.7165,14.92,91,100,5.26,overcast clouds
545,Batagay-Alyta,RU,67.8006,130.4114,-11.72,77,91,5.06,overcast clouds
546,Trincomalee,LK,8.5711,81.2335,79.34,71,69,11.99,broken clouds
547,Hualmay,PE,-11.0964,-77.6139,71.76,79,99,10.04,overcast clouds
548,Djibo,BF,14.1022,-1.6306,70.11,13,0,10.25,clear sky
549,Cabedelo,BR,-6.9811,-34.8339,81.27,76,1,11.07,clear sky
550,Ruidoso,US,33.3317,-105.673,47.7,26,0,6.91,clear sky
551,Barsovo,RU,61.1667,73.1667,-12.87,99,99,6.33,overcast clouds
552,Dakar,SN,14.6937,-17.4441,70.68,68,100,18.86,overcast clouds
553,Lubango,AO,-14.9172,13.4925,57.88,75,87,2.59,overcast clouds
554,Rawson,AR,-43.3002,-65.1023,76.19,31,1,19.24,clear sky
555,Sisimiut,GL,66.9395,-53.6735,-0.2,96,100,18.07,light snow
556,Moose Factory,CA,51.2585,-80.6094,-12.32,100,100,1.32,overcast clouds
557,Yunyang,CN,33.4474,112.7142,40.91,68,100,2.42,light rain
558,Whitehorse,CA,60.7161,-135.0538,24.31,68,100,10.0,overcast clouds
559,Taltal,CL,-25.4,-70.4833,68.56,76,4,3.89,clear sky
560,Cheremukhovo,RU,60.3484,59.9851,-3.46,100,89,1.92,overcast clouds
561,Hede,CN,33.7681,120.2517,43.47,64,82,7.9,broken clouds
562,Udachnyy,RU,66.4167,112.4,-22.83,88,13,1.1,few clouds
563,Gorele,TR,41.0308,39.0031,45.84,89,100,2.53,overcast clouds
564,Lander,US,42.833,-108.7307,45.0,38,0,9.22,clear sky
565,Feijo,BR,-8.1642,-70.3536,72.64,99,100,1.54,moderate rain
566,Ulety,RU,51.3572,112.4849,-16.35,97,88,0.87,overcast clouds
567,Manokwari,ID,-0.8667,134.0833,82.06,68,100,4.36,moderate rain
568,Edd,ER,13.9297,41.6925,76.51,81,0,5.5,clear sky
569,Lata,PT,40.1629,-8.3327,53.82,93,15,2.24,few clouds
570,Umm Lajj,SA,25.0213,37.2685,66.13,34,0,11.63,clear sky
571,Yaan,NG,7.3833,8.5667,80.02,13,96,3.27,overcast clouds
572,Souris,CA,49.6172,-100.2612,15.75,83,85,15.93,overcast clouds
573,Fort Smith,US,35.3859,-94.3986,46.44,39,0,6.91,clear sky
574,Betong,TH,5.7743,101.0723,72.72,95,74,1.97,broken clouds
575,Zarate,AR,-34.0981,-59.0286,70.95,54,0,4.21,clear sky
576,Omsukchan,RU,62.5333,155.8,-17.01,96,50,4.79,scattered clouds
577,Springbok,ZA,-29.6643,17.8865,73.62,47,1,2.8,clear sky
578,Ambon,ID,-3.6954,128.1814,82.54,78,40,3.44,scattered clouds
579,Samarai,PG,-10.6167,150.6667,82.99,69,50,6.93,scattered clouds
580,Moa,CU,20.6569,-74.9403,75.34,80,0,3.4,clear sky
581,Nuqui,CO,5.7125,-77.2708,77.49,90,95,6.64,light rain
582,Srednekolymsk,RU,67.45,153.6833,-24.38,95,19,5.93,few clouds
583,Moba,CN,33.2288,105.0179,30.58,85,100,3.56,overcast clouds
584,Marrakesh,MA,31.6315,-8.0083,53.67,50,0,2.3,clear sky
585,Saint Pete Beach,US,27.7253,-82.7412,60.01,73,0,5.99,clear sky
586,Dolores,AR,-36.3132,-57.6792,57.83,63,6,4.56,light rain
587,Finnsnes,NO,69.2296,17.9811,24.76,99,71,4.32,broken clouds
588,Nhulunbuy,AU,-12.2333,136.7667,88.41,62,75,14.97,broken clouds
589,Yichang,CN,30.7144,111.2847,43.74,80,0,1.45,clear sky
590,Megion,RU,61.0296,76.1136,-3.98,96,100,10.29,overcast clouds
591,Hirara,JP,24.8,125.2833,65.14,83,100,27.22,overcast clouds
592,Balykshi,KZ,47.0667,51.8667,26.6,93,40,13.42,mist
593,Luanda,AO,-8.8368,13.2343,76.98,86,97,2.57,overcast clouds
594,Rock Sound,BS,24.9,-76.2,76.53,82,73,12.95,broken clouds
595,Kihei,US,20.785,-156.4656,80.62,63,20,14.97,few clouds
596,Shakawe,BW,-18.3667,21.85,67.14,87,75,2.08,broken clouds
597,Concordia,AR,-31.393,-58.0209,66.78,62,0,5.99,clear sky
598,Awbari,LY,26.5921,12.7805,51.69,29,0,10.16,clear sky
599,Tessalit,ML,20.1986,1.0114,61.14,22,23,11.41,few clouds
600,Orda,RU,57.1951,56.9091,0.14,100,100,3.24,overcast clouds
601,Paraiso,CR,9.8383,-83.8656,67.06,96,93,5.55,overcast clouds
602,Curaca,BR,-8.9903,-39.9094,76.96,69,100,5.39,overcast clouds
603,Muli,MV,2.9167,73.5667,81.41,76,65,11.01,broken clouds
604,Miraflores,MX,19.2167,-98.8083,64.81,60,100,3.71,overcast clouds
605,Nelson,NZ,-41.2833,173.2833,67.28,83,58,1.99,broken clouds
606,Tateyama,JP,34.9833,139.8667,46.02,72,99,23.53,overcast clouds
607,Acapulco,MX,16.8634,-99.8901,80.42,74,75,5.75,broken clouds
608,Sidi Ali,DZ,36.0998,0.4206,48.07,81,1,5.21,clear sky
609,Dudinka,RU,69.4058,86.1778,-16.56,90,15,6.69,few clouds
610,Kedrovyy,RU,56.1667,91.8167,-21.14,98,19,4.38,few clouds
611,Saiha,IN,22.4833,92.9667,51.08,55,5,3.98,clear sky
612,Oga,IT,46.4631,10.347,20.7,92,37,4.27,scattered clouds
613,Shubarshi,KZ,48.5872,57.1869,14.95,94,100,13.67,light snow
614,Grand-Santi,GF,4.25,-54.3833,72.25,99,34,2.53,scattered clouds
615,Suntar,RU,62.1444,117.6319,-13.09,99,100,1.39,overcast clouds
616,Marienburg,PL,54.0359,19.0266,37.06,77,100,13.89,overcast clouds
617,Quatre Cocos,MU,-20.2078,57.7625,80.1,88,99,13.89,light rain
618,Praia Da Vitoria,PT,38.7333,-27.0667,55.76,73,100,5.1,overcast clouds
619,Nouadhibou,MR,20.931,-17.0347,64.76,76,98,19.13,overcast clouds
620,Portland,US,45.5234,-122.6762,61.43,56,75,4.0,broken clouds
621,Lodwar,KE,3.1191,35.5973,80.76,42,9,3.85,clear sky
622,Havre-Saint-Pierre,CA,50.2334,-63.5986,-2.34,81,5,9.75,clear sky
623,North Bend,US,43.4065,-124.2243,54.25,94,75,8.05,broken clouds
624,Bertea,RO,45.2333,25.8667,29.28,84,100,1.34,overcast clouds
625,Da Nang,VN,16.0678,108.2208,71.58,68,75,4.61,broken clouds
626,Ornes,NO,66.8689,13.7078,32.11,76,90,8.21,light snow
627,Bhadra,IN,29.1167,75.1667,55.18,57,0,8.23,clear sky
628,Guaymas,MX,27.9333,-110.9,83.88,32,0,12.66,clear sky
629,Tiznit,MA,29.5833,-9.5,53.2,49,0,3.47,clear sky
630,Peniche,PT,39.3558,-9.3811,54.63,87,0,13.8,clear sky
631,Komsomolskiy,UZ,40.4272,71.7189,38.12,87,100,4.61,mist
632,Balkhash,KZ,46.844,74.9804,17.67,96,100,5.91,overcast clouds
633,Sorsk,RU,54.0033,90.2467,-0.2,97,100,4.97,overcast clouds
634,Srbinovo,MK,41.7058,20.9603,30.45,95,100,3.96,overcast clouds
635,Decatur,US,39.8403,-88.9548,17.46,73,40,8.05,scattered clouds
636,Cavalcante,BR,-13.7975,-47.4583,67.15,93,100,0.92,overcast clouds
637,Puerto Madryn,AR,-42.7692,-65.0385,73.92,43,0,14.25,clear sky
638,Dunedin,NZ,-45.8742,170.5036,61.81,62,60,13.0,broken clouds
639,Calamar,CO,10.2511,-74.9146,80.55,65,6,10.09,clear sky
640,Buritizeiro,BR,-17.3511,-44.9622,69.53,93,4,1.77,clear sky
641,Sao Gabriel Da Cachoeira,BR,-0.1303,-67.0892,73.33,98,99,1.5,light rain
642,Nyuksenitsa,RU,60.4128,44.2397,20.37,93,100,10.22,light snow
643,Kattivakkam,IN,13.2167,80.3167,79.07,79,17,5.41,few clouds
644,Otane,NZ,-39.8833,176.6333,62.01,71,100,10.11,overcast clouds
645,Picton,AU,-34.1833,150.6,81.59,62,100,6.78,overcast clouds
646,Kuliyapitiya,LK,7.4688,80.0401,73.08,89,13,5.46,few clouds
647,Qostanay,KZ,53.1667,63.5833,12.49,85,100,2.24,light snow
648,Pangody,RU,65.85,74.4859,-14.15,99,100,8.95,overcast clouds
649,Rudnichnyy,RU,59.617,52.4703,-4.5,100,100,3.04,overcast clouds
650,Myitkyina,MM,25.3833,97.4,52.75,69,0,2.42,clear sky
651,Boende,CD,-0.2167,20.8667,73.31,87,100,2.62,overcast clouds
652,Coracao De Jesus,BR,-16.6853,-44.365,66.16,93,10,3.38,light rain
653,Bambanglipuro,ID,-7.95,110.2833,63.61,82,95,4.59,overcast clouds
654,Auch,FR,43.65,0.5833,51.71,81,100,7.23,overcast clouds
655,Pevek,RU,69.7008,170.3133,-16.37,97,100,8.5,overcast clouds
656,Lecce,IT,40.2167,18.1667,43.36,83,20,0.85,few clouds
657,Obodivka,UA,48.4051,29.2477,27.18,78,5,8.21,clear sky
658,Talara,PE,-4.5772,-81.2719,73.54,83,99,7.74,overcast clouds
659,Gusau,NG,12.1628,6.6614,70.47,14,4,9.55,clear sky
660,Campos Do Jordao,BR,-22.7394,-45.5914,58.46,97,0,2.95,clear sky
661,Morant Bay,JM,17.8815,-76.4093,73.65,77,100,8.03,overcast clouds
662,Codajas,BR,-3.8367,-62.0569,74.32,97,100,2.01,overcast clouds
663,Charyshskoye,RU,51.3978,83.5598,14.2,90,100,4.25,overcast clouds
664,Tomatlan,MX,19.9333,-105.25,77.85,43,96,3.91,overcast clouds
665,Shingu,JP,33.7333,135.9833,46.9,73,100,3.76,overcast clouds
666,Madimba,TZ,-10.4,40.3333,77.23,89,98,5.41,moderate rain
667,Tautira,PF,-17.7333,-149.15,86.02,77,62,17.85,light rain
668,Sikonge,TZ,-5.6333,32.7667,64.63,96,100,1.83,light rain
669,Balagansk,RU,54.0103,103.0544,-31.11,99,33,3.33,scattered clouds
670,Lenine,UA,45.2986,35.7771,34.14,70,100,14.36,overcast clouds
671,Kysyl-Syr,RU,63.8986,122.7617,-24.27,100,100,0.18,overcast clouds
672,Morros,BR,-9.4467,-46.3003,73.29,87,99,2.13,overcast clouds
673,Sungaipenuh,ID,-2.0833,101.3833,68.9,69,81,1.39,broken clouds
674,Moletai,LT,55.2333,25.4167,28.11,82,100,11.88,overcast clouds
675,Houma,US,29.5958,-90.7195,51.8,41,0,4.61,clear sky
676,Qandala,SO,11.472,49.8728,72.55,67,54,3.09,broken clouds
677,Kandrian,PG,-6.2167,149.55,82.58,78,100,2.53,light rain
678,Lahaina,US,20.8783,-156.6825,80.6,76,6,12.73,clear sky
679,Zhigansk,RU,66.7697,123.3711,-37.01,100,41,1.3,scattered clouds
680,Stillwater,US,36.1156,-97.0584,49.84,34,0,3.44,clear sky
681,Jining,CN,35.405,116.5814,35.44,65,92,12.19,overcast clouds
682,Alugan,PH,12.2188,125.4808,80.87,72,100,12.39,overcast clouds
683,Othaya,KE,-0.5652,36.9609,61.27,84,19,3.91,few clouds
684,Machachi,EC,-0.5,-78.5667,54.75,98,100,2.01,light rain
